家宽,,,,手机流量,
104.18.145.157,#香港,,,104.16.3.7,#香港(流量节点)
104.18.64.206,#香港,,,104.16.12.0,#香港(流量节点)
104.17.202.169,#香港,,,104.16.1.237,#香港(流量节点)
104.18.167.206,#香港,,,104.16.111.183,#德国(流量节点)
104.18.153.80,#香港,,,104.16.143.219,#德国(流量节点)
172.67.8.69,#德国,,,104.16.138.179,#德国(流量节点)
104.16.110.220,#德国,,,104.16.168.136,#美国(流量节点)
104.16.106.108,#德国,,,104.16.178.180,#美国(流量节点)
104.16.138.78,#德国,,,104.16.189.1,#美国(流量节点)
104.16.137.166,#德国,,,,
104.22.23.62,#美国,,,,
104.25.67.34,#美国,,,,
104.27.58.216,#美国,,,,
104.16.112.61,#美国,,,,
104.25.206.140,#美国,,,,
